{"_module": "oauth2client.client", "scopes": ["https://www.googleapis.com/auth/drive.readonly"], "token_expiry": "2017-05-10T17:19:59Z", "id_token": null, "access_token": "ya29.GlxGBCxmWu2_wWK-4WaQVC6TXciVMb-KXQmjRHar4_8FjQ8jTDWv76l9Oii7o2TTjbjsfwU9KiDO0jSkIuhXYMZA1CaHksnDWc_YdpEmulV32xwFlFdMrOy2ugvoLg", "token_uri": "https://accounts.google.com/o/oauth2/token", "invalid": false, "token_response": {"access_token": "ya29.GlxGBCxmWu2_wWK-4WaQVC6TXciVMb-KXQmjRHar4_8FjQ8jTDWv76l9Oii7o2TTjbjsfwU9KiDO0jSkIuhXYMZA1CaHksnDWc_YdpEmulV32xwFlFdMrOy2ugvoLg", "token_type": "Bearer", "expires_in": 3600}, "client_id": "833019238611-eu1v5nnv6mjbilg7sgbt5j6u1d5crc1f.apps.googleusercontent.com", "token_info_uri": "https://www.googleapis.com/oauth2/v3/tokeninfo", "client_secret": "K6WUpYBNIm0QnmtkEHP_gOFV", "revoke_uri": "https://accounts.google.com/o/oauth2/revoke", "_class": "OAuth2Credentials", "refresh_token": "1/btnbvtIe1026wRDj3lUFYAmFtgeX5_-J0xelorO7MRM", "user_agent": null}